{
  "id": "20240730",
  "name": "Bot weights version 0.5.1",
  "version": "0.5.1",
  "description": "Bot trained on Arcade 2 with Peugeot 206",
  "rewardFunction": "10^8/sumArcadeTimeInSeconds^2",
  "bestBotParameterValues": [
    {
      "target": 8.514847226423226,
      "params": {
        "0x462a16_uint8": 70.48780170952759,
        "0x462a1d_int32": 10410053.193038432,
        "0x462a4b_int32": 10409995.754433684,
        "0x462a77_int32": 10410005.98666655,
        "0x462a9f_int32": 10410006.104713745,
        "0x462ad3_uint8": 90.4055141817206,
        "0x462ada_int32": 10410049.68443961,
        "0x462b02_int32": 10410044.396809725,
        "0x462b31_int32": 10410010.059324753,
        "0x462b59_int32": 10410009.331531135,
        "0x462b9f_int32": 1925.2099785396833,
        "0x462bb1_int32": 3061.9779307373224,
        "0x462c1f_int32": 10410006.637094202,
        "0x462c78_int8": -0.4721014177698317,
        "0x462c7f_int8": 8.444985272930111,
        "0x462c82_uint8": 23.92371949182221,
        "0x462c86_int32": 23.934247247609356,
        "0x462cdc_int32": 33.27233505998318,
        "0x462ce8_int8": 41.167677034803866,
        "0x462cec_int32": 51.57832141732797,
        "0x462cf3_int32": 40.05316704822957,
        "0x462d3d_int8": 3.812198666731862,
        "0x462d44_int8": 9.152731983849645,
        "0x462d4f_int32": 1.0,
        "0x462d59_int32": 255.0,
        "0x462d65_int32": 255.2732999106485,
        "0x462d76_int8": 30.988973661737077,
        "0x462e01_uint8": 70.48866010600874,
        "0x462e08_int32": 10368843.995414844,
        "0x462e37_uint8": 40.67242531145932,
        "0x462e3e_int32": 10368839.90590642,
        "0x462e6b_int32": 10368831.946958095,
        "0x462e98_int32": 10368832.01167834,
        "0x462ecb_uint8": 70.52274930028139,
        "0x462ed2_int32": 10368840.043368686,
        "0x462efc_uint8": 90.14395879214679,
        "0x462f03_int32": 10368844.008134358,
        "0x462f2f_uint8": 60.40794539111915,
        "0x462f36_int32": 10368836.046660256,
        "0x4631ee_int32": 205.5675209296816
      },
      "datetime": {
        "datetime": "2024-07-29 07:34:59",
        "elapsed": 22076.292265,
        "delta": 147.151955
      }
    },
    {
      "target": 8.271692207227677,
      "params": {
        "0x71bf54_uint8": 253.14524998301408,
        "0x71bf55_uint8": 249.8712705873451,
        "0x71bf56_uint8": 251.87313961982295,
        "0x71bf57_uint8": 250.87608495031608,
        "0x71bf58_uint8": 250.24999947630226,
        "0x71bf59_uint8": 254.90943172945353,
        "0x71bf5a_uint8": 252.96915534416195,
        "0x71bf5b_uint8": 247.70441869848227,
        "0x71bf5c_uint8": 243.7307783058299,
        "0x71bf5d_uint8": 248.1215371013447,
        "0x71bf5e_uint8": 105.22976565309847,
        "0x71bf5f_uint8": 79.12647401724382,
        "0x71bf60_uint8": 71.12377436985174,
        "0x71bf61_uint8": 71.09698216669146,
        "0x71bf62_uint8": 63.11604973124449,
        "0x71bf63_uint8": 50.59225360228614,
        "0x71bf64_uint8": 46.675207531110544,
        "0x71bf65_uint8": 52.80936789715011,
        "0x71bf66_uint8": 52.50163472458735,
        "0x71bf67_uint8": 49.93428903424228,
        "0x71bf68_uint8": 43.86841779247589,
        "0x71bf69_uint8": 41.462328943096686,
        "0x71bf6a_uint8": 33.563318516334355,
        "0x71bf6b_uint8": 32.03787959964296,
        "0x71bf6c_uint8": 27.038501424435292
      },
      "datetime": {
        "datetime": "2024-07-30 12:21:55",
        "elapsed": 31490.092674,
        "delta": 143.07714
      }
    },
    {
      "target": 8.164688232641351,
      "params": {
        "0x71be9c_float32": -0.9980267859242411,
        "0x71bea0_float32": -0.9975423641896042,
        "0x71bea4_float32": -0.9991708826536133,
        "0x71bea8_float32": -0.9992102776001904,
        "0x71beac_float32": -0.19125654201139897,
        "0x71beb0_float32": 0.031205121855249058,
        "0x71beb4_float32": 0.10216213663814905,
        "0x71beb8_float32": -0.44190330205166156,
        "0x71bebc_float32": 0.3338017747476098,
        "0x71bec0_float32": -0.22315390451349867,
        "0x71bec4_float32": 0.4966778068325573,
        "0x71bec8_float32": -0.009827080560886192,
        "0x71becc_float32": 0.1853555549133289,
        "0x71bed0_float32": 0.36874740482925905,
        "0x71bed4_float32": 0.9998060818522738,
        "0x71bed8_float32": 0.9958962612702155,
        "0x71bedc_float32": 0.9971589051541734,
        "0x71bee0_float32": 0.9981403793035947,
        "0x71bee4_float32": 0.502628957949962,
        "0x71bee8_float32": 0.9963061508069629,
        "0x71beec_float32": 0.19986846616054676,
        "0x71bef0_float32": -0.03427691012457368,
        "0x71bef4_float32": -0.06711517476572743,
        "0x71bef8_float32": -0.22084195743343155,
        "0x71befc_float32": 0.31114655082484766,
        "0x71bf00_float32": 0.26208304593956183,
        "0x71bf04_float32": 0.1192354665284119,
        "0x71bf08_float32": -0.045108798007711566,
        "0x71bf0c_float32": -0.16491661202629113,
        "0x71bf10_float32": -0.9979449771882708,
        "0x71bf14_float32": -0.5271011282509386,
        "0x71bf18_float32": -0.999741410916824
      },
      "datetime": {
        "datetime": "2024-07-31 01:05:54",
        "elapsed": 3213.589843,
        "delta": 90.506044
      }
    }
  ],